{
  "navenheter": [
    {
      "kommunenummer": "0300",
      "kommunenavn": "Oslo",
      "geografiskTilknytning": "0300",
      "enhetsnummer": "0300",
      "enhetsnavn": "NAV Oslo"
    },
    {
      "kommunenummer": "0301",
      "kommunenavn": "Oslo",
      "geografiskTilknytning": "030101",
      "enhetsnummer": "0316",
      "enhetsnavn": "NAV Gamle Oslo"
    },
    {
      "kommunenummer": "0301",
      "kommunenavn": "Oslo",
      "geografiskTilknytning": "030102",
      "enhetsnummer": "0315",
      "enhetsnavn": "NAV Grünerløkka"
    },
    {
      "kommunenummer": "0301",
      "kommunenavn": "Oslo",
      "geografiskTilknytning": "030103",
      "enhetsnummer": "0314",
      "enhetsnavn": "NAV Sagene"
    },
    {
      "kommunenummer": "0301",
      "kommunenavn": "Oslo",
      "geografiskTilknytning": "030104",
      "enhetsnummer": "0313",
      "enhetsnavn": "NAV St. Hanshaugen"
    },
    {
      "kommunenummer": "0301",
      "kommunenavn": "Oslo",
      "geografiskTilknytning": "030105",
      "enhetsnummer": "0312",
      "enhetsnavn": "NAV Frogner"
    },
    {
      "kommunenummer": "0301",
      "kommunenavn": "Oslo",
      "geografiskTilknytning": "030106",
      "enhetsnummer": "0335",
      "enhetsnavn": "NAV Ullern"
    },
    {
      "kommunenummer": "0301",
      "kommunenavn": "Oslo",
      "geografiskTilknytning": "030107",
      "enhetsnummer": "0334",
      "enhetsnavn": "NAV Vestre Aker"
    },
    {
      "kommunenummer": "0301",
      "kommunenavn": "Oslo",
      "geografiskTilknytning": "030108",
      "enhetsnummer": "0331",
      "enhetsnavn": "NAV Nordre Aker"
    },
    {
      "kommunenummer": "0301",
      "kommunenavn": "Oslo",
      "geografiskTilknytning": "030109",
      "enhetsnummer": "0330",
      "enhetsnavn": "NAV Bjerke"
    },
    {
      "kommunenummer": "0301",
      "kommunenavn": "Oslo",
      "geografiskTilknytning": "030110",
      "enhetsnummer": "0328",
      "enhetsnavn": "NAV Grorud"
    },
    {
      "kommunenummer": "0301",
      "kommunenavn": "Oslo",
      "geografiskTilknytning": "030111",
      "enhetsnummer": "0327",
      "enhetsnavn": "NAV Stovner"
    },
    {
      "kommunenummer": "0301",
      "kommunenavn": "Oslo",
      "geografiskTilknytning": "030112",
      "enhetsnummer": "0326",
      "enhetsnavn": "NAV Alna"
    },
    {
      "kommunenummer": "0301",
      "kommunenavn": "Oslo",
      "geografiskTilknytning": "030113",
      "enhetsnummer": "0321",
      "enhetsnavn": "NAV Østensjø"
    },
    {
      "kommunenummer": "0301",
      "kommunenavn": "Oslo",
      "geografiskTilknytning": "030114",
      "enhetsnummer": "0318",
      "enhetsnavn": "NAV Nordstrand"
    },
    {
      "kommunenummer": "0301",
      "kommunenavn": "Oslo",
      "geografiskTilknytning": "030115",
      "enhetsnummer": "0319",
      "enhetsnavn": "NAV Søndre Nordstrand"
    },
    {
      "kommunenummer": "0301",
      "kommunenavn": "Oslo",
      "geografiskTilknytning": "030116",
      "enhetsnummer": "0313",
      "enhetsnavn": "NAV St. Hanshaugen"
    },
    {
      "kommunenummer": "1101",
      "kommunenavn": "Eigersund",
      "geografiskTilknytning": "1101",
      "enhetsnummer": "1101",
      "enhetsnavn": "NAV Eigersund-Bjerkreim"
    },
    {
      "kommunenummer": "1103",
      "kommunenavn": "Stavanger",
      "geografiskTilknytning": "110301",
      "enhetsnummer": "1162",
      "enhetsnavn": "NAV Hundvåg og Storhaug"
    },
    {
      "kommunenummer": "1103",
      "kommunenavn": "Stavanger",
      "geografiskTilknytning": "110302",
      "enhetsnummer": "1161",
      "enhetsnavn": "NAV Eiganes og Tasta"
    },
    {
      "kommunenummer": "1103",
      "kommunenavn": "Stavanger",
      "geografiskTilknytning": "110303",
      "enhetsnummer": "1161",
      "enhetsnavn": "NAV Eiganes og Tasta"
    },
    {
      "kommunenummer": "1103",
      "kommunenavn": "Stavanger",
      "geografiskTilknytning": "110304",
      "enhetsnummer": "1165",
      "enhetsnavn": "NAV Madla"
    },
    {
      "kommunenummer": "1103",
      "kommunenavn": "Stavanger",
      "geografiskTilknytning": "110305",
      "enhetsnummer": "1162",
      "enhetsnavn": "NAV Hundvåg og Storhaug"
    },
    {
      "kommunenummer": "1103",
      "kommunenavn": "Stavanger",
      "geografiskTilknytning": "110306",
      "enhetsnummer": "1164",
      "enhetsnavn": "NAV Hillevåg og Hinna"
    },
    {
      "kommunenummer": "1103",
      "kommunenavn": "Stavanger",
      "geografiskTilknytning": "110307",
      "enhetsnummer": "1164",
      "enhetsnavn": "NAV Hillevåg og Hinna"
    },
    {
      "kommunenummer": "1103",
      "kommunenavn": "Stavanger",
      "geografiskTilknytning": "110308",
      "enhetsnummer": "1169",
      "enhetsnavn": "NAV Rennesøy og Finnøy"
    },
    {
      "kommunenummer": "1103",
      "kommunenavn": "Stavanger",
      "geografiskTilknytning": "110309",
      "enhetsnummer": "1169",
      "enhetsnavn": "NAV Rennesøy og Finnøy"
    },
    {
      "kommunenummer": "1106",
      "kommunenavn": "Haugesund",
      "geografiskTilknytning": "1106",
      "enhetsnummer": "1106",
      "enhetsnavn": "NAV Haugesund-Utsira"
    },
    {
      "kommunenummer": "1108",
      "kommunenavn": "Sandnes",
      "geografiskTilknytning": "1108",
      "enhetsnummer": "1102",
      "enhetsnavn": "NAV Sandnes"
    },
    {
      "kommunenummer": "1111",
      "kommunenavn": "Sokndal",
      "geografiskTilknytning": "1111",
      "enhetsnummer": "1111",
      "enhetsnavn": "NAV Sokndal"
    },
    {
      "kommunenummer": "1112",
      "kommunenavn": "Lund",
      "geografiskTilknytning": "1112",
      "enhetsnummer": "1112",
      "enhetsnavn": "NAV Lund"
    },
    {
      "kommunenummer": "1114",
      "kommunenavn": "Bjerkreim",
      "geografiskTilknytning": "1114",
      "enhetsnummer": "1101",
      "enhetsnavn": "NAV Eigersund-Bjerkreim"
    },
    {
      "kommunenummer": "1119",
      "kommunenavn": "Hå",
      "geografiskTilknytning": "1119",
      "enhetsnummer": "1119",
      "enhetsnavn": "NAV Hå"
    },
    {
      "kommunenummer": "1120",
      "kommunenavn": "Klepp",
      "geografiskTilknytning": "1120",
      "enhetsnummer": "1120",
      "enhetsnavn": "NAV Klepp-Time"
    },
    {
      "kommunenummer": "1121",
      "kommunenavn": "Time",
      "geografiskTilknytning": "1121",
      "enhetsnummer": "1120",
      "enhetsnavn": "NAV Klepp-Time"
    },
    {
      "kommunenummer": "1122",
      "kommunenavn": "Gjesdal",
      "geografiskTilknytning": "1122",
      "enhetsnummer": "1122",
      "enhetsnavn": "NAV Gjesdal"
    },
    {
      "kommunenummer": "1124",
      "kommunenavn": "Sola",
      "geografiskTilknytning": "1124",
      "enhetsnummer": "1124",
      "enhetsnavn": "NAV Sola"
    },
    {
      "kommunenummer": "1127",
      "kommunenavn": "Randaberg",
      "geografiskTilknytning": "1127",
      "enhetsnummer": "1127",
      "enhetsnavn": "NAV Randaberg-Kvitsøy"
    },
    {
      "kommunenummer": "1130",
      "kommunenavn": "Strand",
      "geografiskTilknytning": "1130",
      "enhetsnummer": "1130",
      "enhetsnavn": "NAV Strand"
    },
    {
      "kommunenummer": "1133",
      "kommunenavn": "Hjelmeland",
      "geografiskTilknytning": "1133",
      "enhetsnummer": "1133",
      "enhetsnavn": "NAV Hjelmeland"
    },
    {
      "kommunenummer": "1134",
      "kommunenavn": "Suldal",
      "geografiskTilknytning": "1134",
      "enhetsnummer": "1134",
      "enhetsnavn": "NAV Suldal"
    },
    {
      "kommunenummer": "1135",
      "kommunenavn": "Sauda",
      "geografiskTilknytning": "1135",
      "enhetsnummer": "1135",
      "enhetsnavn": "NAV Sauda"
    },
    {
      "kommunenummer": "1144",
      "kommunenavn": "Kvitsøy",
      "geografiskTilknytning": "1144",
      "enhetsnummer": "1127",
      "enhetsnavn": "NAV Randaberg-Kvitsøy"
    },
    {
      "kommunenummer": "1145",
      "kommunenavn": "Bokn",
      "geografiskTilknytning": "1145",
      "enhetsnummer": "1149",
      "enhetsnavn": "NAV Karmøy-Bokn"
    },
    {
      "kommunenummer": "1146",
      "kommunenavn": "Tysvær",
      "geografiskTilknytning": "1146",
      "enhetsnummer": "1146",
      "enhetsnavn": "NAV Tysvær"
    },
    {
      "kommunenummer": "1149",
      "kommunenavn": "Karmøy",
      "geografiskTilknytning": "1149",
      "enhetsnummer": "1149",
      "enhetsnavn": "NAV Karmøy-Bokn"
    },
    {
      "kommunenummer": "1151",
      "kommunenavn": "Utsira",
      "geografiskTilknytning": "1151",
      "enhetsnummer": "1106",
      "enhetsnavn": "NAV Haugesund-Utsira"
    },
    {
      "kommunenummer": "1160",
      "kommunenavn": "Vindafjord",
      "geografiskTilknytning": "1160",
      "enhetsnummer": "1160",
      "enhetsnavn": "NAV Vindafjord"
    },
    {
      "kommunenummer": "1505",
      "kommunenavn": "Kristiansund",
      "geografiskTilknytning": "1505",
      "enhetsnummer": "1505",
      "enhetsnavn": "NAV Kristiansund"
    },
    {
      "kommunenummer": "1506",
      "kommunenavn": "Molde",
      "geografiskTilknytning": "1506",
      "enhetsnummer": "1502",
      "enhetsnavn": "NAV Molde"
    },
    {
      "kommunenummer": "1507",
      "kommunenavn": "Ålesund",
      "geografiskTilknytning": "1507",
      "enhetsnummer": "1504",
      "enhetsnavn": "NAV Ålesund"
    },
    {
      "kommunenummer": "1511",
      "kommunenavn": "Vanylven",
      "geografiskTilknytning": "1511",
      "enhetsnummer": "1515",
      "enhetsnavn": "NAV Herøy og Vanylven"
    },
    {
      "kommunenummer": "1514",
      "kommunenavn": "Sande i Møre og Romsdal",
      "geografiskTilknytning": "1514",
      "enhetsnummer": "1517",
      "enhetsnavn": "NAV Hareid - Ulstein - Sande"
    },
    {
      "kommunenummer": "1515",
      "kommunenavn": "Herøy i Møre og Romsdal",
      "geografiskTilknytning": "1515",
      "enhetsnummer": "1515",
      "enhetsnavn": "NAV Herøy og Vanylven"
    },
    {
      "kommunenummer": "1516",
      "kommunenavn": "Ulstein",
      "geografiskTilknytning": "1516",
      "enhetsnummer": "1517",
      "enhetsnavn": "NAV Hareid - Ulstein - Sande"
    },
    {
      "kommunenummer": "1517",
      "kommunenavn": "Hareid",
      "geografiskTilknytning": "1517",
      "enhetsnummer": "1517",
      "enhetsnavn": "NAV Hareid - Ulstein - Sande"
    },
    {
      "kommunenummer": "1520",
      "kommunenavn": "Ørsta",
      "geografiskTilknytning": "1520",
      "enhetsnummer": "1520",
      "enhetsnavn": "NAV Ørsta Volda"
    },
    {
      "kommunenummer": "1525",
      "kommunenavn": "Stranda",
      "geografiskTilknytning": "1525",
      "enhetsnummer": "1525",
      "enhetsnavn": "NAV Stranda"
    },
    {
      "kommunenummer": "1528",
      "kommunenavn": "Sykkylven",
      "geografiskTilknytning": "1528",
      "enhetsnummer": "1528",
      "enhetsnavn": "NAV Sykkylven"
    },
    {
      "kommunenummer": "1531",
      "kommunenavn": "Sula",
      "geografiskTilknytning": "1531",
      "enhetsnummer": "1531",
      "enhetsnavn": "NAV Sula"
    },
    {
      "kommunenummer": "1532",
      "kommunenavn": "Giske",
      "geografiskTilknytning": "1532",
      "enhetsnummer": "1532",
      "enhetsnavn": "NAV Giske"
    },
    {
      "kommunenummer": "1535",
      "kommunenavn": "Vestnes",
      "geografiskTilknytning": "1535",
      "enhetsnummer": "1535",
      "enhetsnavn": "NAV Vestnes"
    },
    {
      "kommunenummer": "1539",
      "kommunenavn": "Rauma",
      "geografiskTilknytning": "1539",
      "enhetsnummer": "1539",
      "enhetsnavn": "NAV Rauma"
    },
    {
      "kommunenummer": "1547",
      "kommunenavn": "Aukra",
      "geografiskTilknytning": "1547",
      "enhetsnummer": "1547",
      "enhetsnavn": "NAV Aukra"
    },
    {
      "kommunenummer": "1554",
      "kommunenavn": "Averøy",
      "geografiskTilknytning": "1554",
      "enhetsnummer": "1554",
      "enhetsnavn": "NAV Averøy"
    },
    {
      "kommunenummer": "1557",
      "kommunenavn": "Gjemnes",
      "geografiskTilknytning": "1557",
      "enhetsnummer": "1557",
      "enhetsnavn": "NAV Gjemnes"
    },
    {
      "kommunenummer": "1560",
      "kommunenavn": "Tingvoll",
      "geografiskTilknytning": "1560",
      "enhetsnummer": "1560",
      "enhetsnavn": "NAV Tingvoll"
    },
    {
      "kommunenummer": "1563",
      "kommunenavn": "Sunndal",
      "geografiskTilknytning": "1563",
      "enhetsnummer": "1563",
      "enhetsnavn": "NAV Sunndal"
    },
    {
      "kommunenummer": "1566",
      "kommunenavn": "Surnadal",
      "geografiskTilknytning": "1566",
      "enhetsnummer": "1566",
      "enhetsnavn": "NAV Surnadal"
    },
    {
      "kommunenummer": "1573",
      "kommunenavn": "Smøla",
      "geografiskTilknytning": "1573",
      "enhetsnummer": "1573",
      "enhetsnavn": "NAV Smøla"
    },
    {
      "kommunenummer": "1576",
      "kommunenavn": "Aure",
      "geografiskTilknytning": "1576",
      "enhetsnummer": "1576",
      "enhetsnavn": "NAV Aure"
    },
    {
      "kommunenummer": "1577",
      "kommunenavn": "Volda",
      "geografiskTilknytning": "1577",
      "enhetsnummer": "1520",
      "enhetsnavn": "NAV Ørsta Volda"
    },
    {
      "kommunenummer": "1578",
      "kommunenavn": "Fjord",
      "geografiskTilknytning": "1578",
      "enhetsnummer": "1504",
      "enhetsnavn": "NAV Ålesund"
    },
    {
      "kommunenummer": "1579",
      "kommunenavn": "Hustadvika",
      "geografiskTilknytning": "1579",
      "enhetsnummer": "1548",
      "enhetsnavn": "NAV Hustadvika"
    },
    {
      "kommunenummer": "1804",
      "kommunenavn": "Bodø",
      "geografiskTilknytning": "1804",
      "enhetsnummer": "1804",
      "enhetsnavn": "NAV Bodø"
    },
    {
      "kommunenummer": "1806",
      "kommunenavn": "Narvik",
      "geografiskTilknytning": "1806",
      "enhetsnummer": "1805",
      "enhetsnavn": "NAV Narvik"
    },
    {
      "kommunenummer": "1811",
      "kommunenavn": "Bindal",
      "geografiskTilknytning": "1811",
      "enhetsnummer": "1751",
      "enhetsnavn": "NAV Nærøysund"
    },
    {
      "kommunenummer": "1812",
      "kommunenavn": "Sømna",
      "geografiskTilknytning": "1812",
      "enhetsnummer": "1812",
      "enhetsnavn": "NAV Sømna"
    },
    {
      "kommunenummer": "1813",
      "kommunenavn": "Brønnøy",
      "geografiskTilknytning": "1813",
      "enhetsnummer": "1813",
      "enhetsnavn": "NAV Brønnøy"
    },
    {
      "kommunenummer": "1815",
      "kommunenavn": "Vega",
      "geografiskTilknytning": "1815",
      "enhetsnummer": "1815",
      "enhetsnavn": "NAV Vega"
    },
    {
      "kommunenummer": "1816",
      "kommunenavn": "Vevelstad",
      "geografiskTilknytning": "1816",
      "enhetsnummer": "1816",
      "enhetsnavn": "NAV Vevelstad"
    },
    {
      "kommunenummer": "1818",
      "kommunenavn": "Herøy i Nordland",
      "geografiskTilknytning": "1818",
      "enhetsnummer": "1818",
      "enhetsnavn": "NAV Herøy"
    },
    {
      "kommunenummer": "1820",
      "kommunenavn": "Alstahaug",
      "geografiskTilknytning": "1820",
      "enhetsnummer": "1820",
      "enhetsnavn": "NAV Alstahaug"
    },
    {
      "kommunenummer": "1822",
      "kommunenavn": "Leirfjord",
      "geografiskTilknytning": "1822",
      "enhetsnummer": "1822",
      "enhetsnavn": "NAV Leirfjord"
    },
    {
      "kommunenummer": "1824",
      "kommunenavn": "Vefsn",
      "geografiskTilknytning": "1824",
      "enhetsnummer": "1824",
      "enhetsnavn": "NAV Mosjøen"
    },
    {
      "kommunenummer": "1825",
      "kommunenavn": "Grane",
      "geografiskTilknytning": "1825",
      "enhetsnummer": "1825",
      "enhetsnavn": "NAV Grane"
    },
    {
      "kommunenummer": "1826",
      "kommunenavn": "Aarborte - Hattfjelldal",
      "geografiskTilknytning": "1826",
      "enhetsnummer": "1826",
      "enhetsnavn": "NAV Hattfjelldal"
    },
    {
      "kommunenummer": "1827",
      "kommunenavn": "Dønna",
      "geografiskTilknytning": "1827",
      "enhetsnummer": "1827",
      "enhetsnavn": "NAV Dønna"
    },
    {
      "kommunenummer": "1828",
      "kommunenavn": "Nesna",
      "geografiskTilknytning": "1828",
      "enhetsnummer": "1828",
      "enhetsnavn": "NAV Nesna"
    },
    {
      "kommunenummer": "1832",
      "kommunenavn": "Hemnes",
      "geografiskTilknytning": "1832",
      "enhetsnummer": "1832",
      "enhetsnavn": "NAV Hemnes"
    },
    {
      "kommunenummer": "1833",
      "kommunenavn": "Rana",
      "geografiskTilknytning": "1833",
      "enhetsnummer": "1833",
      "enhetsnavn": "NAV Rana"
    },
    {
      "kommunenummer": "1834",
      "kommunenavn": "Lurøy",
      "geografiskTilknytning": "1834",
      "enhetsnummer": "1834",
      "enhetsnavn": "NAV Lurøy"
    },
    {
      "kommunenummer": "1835",
      "kommunenavn": "Træna",
      "geografiskTilknytning": "1835",
      "enhetsnummer": "1835",
      "enhetsnavn": "NAV Træna"
    },
    {
      "kommunenummer": "1836",
      "kommunenavn": "Rødøy",
      "geografiskTilknytning": "1836",
      "enhetsnummer": "1836",
      "enhetsnavn": "NAV Rødøy"
    },
    {
      "kommunenummer": "1837",
      "kommunenavn": "Meløy",
      "geografiskTilknytning": "1837",
      "enhetsnummer": "1837",
      "enhetsnavn": "NAV Meløy"
    },
    {
      "kommunenummer": "1838",
      "kommunenavn": "Gildeskål",
      "geografiskTilknytning": "1838",
      "enhetsnummer": "1838",
      "enhetsnavn": "NAV Gildeskål"
    },
    {
      "kommunenummer": "1839",
      "kommunenavn": "Beiarn",
      "geografiskTilknytning": "1839",
      "enhetsnummer": "1839",
      "enhetsnavn": "NAV Beiarn"
    },
    {
      "kommunenummer": "1840",
      "kommunenavn": "Saltdal",
      "geografiskTilknytning": "1840",
      "enhetsnummer": "1840",
      "enhetsnavn": "NAV Saltdal"
    },
    {
      "kommunenummer": "1841",
      "kommunenavn": "Fauske – Fuossko",
      "geografiskTilknytning": "1841",
      "enhetsnummer": "1841",
      "enhetsnavn": "NAV Fauske"
    },
    {
      "kommunenummer": "1845",
      "kommunenavn": "Sørfold",
      "geografiskTilknytning": "1845",
      "enhetsnummer": "1845",
      "enhetsnavn": "NAV Sørfold"
    },
    {
      "kommunenummer": "1848",
      "kommunenavn": "Steigen",
      "geografiskTilknytning": "1848",
      "enhetsnummer": "1848",
      "enhetsnavn": "NAV Steigen"
    },
    {
      "kommunenummer": "1851",
      "kommunenavn": "Lødingen",
      "geografiskTilknytning": "1851",
      "enhetsnummer": "1851",
      "enhetsnavn": "NAV Lødingen"
    },
    {
      "kommunenummer": "1853",
      "kommunenavn": "Evenes",
      "geografiskTilknytning": "1853",
      "enhetsnummer": "1805",
      "enhetsnavn": "NAV Narvik"
    },
    {
      "kommunenummer": "1856",
      "kommunenavn": "Røst",
      "geografiskTilknytning": "1856",
      "enhetsnummer": "1856",
      "enhetsnavn": "NAV Røst"
    },
    {
      "kommunenummer": "1857",
      "kommunenavn": "Værøy",
      "geografiskTilknytning": "1857",
      "enhetsnummer": "1857",
      "enhetsnavn": "NAV Værøy"
    },
    {
      "kommunenummer": "1859",
      "kommunenavn": "Flakstad",
      "geografiskTilknytning": "1859",
      "enhetsnummer": "1859",
      "enhetsnavn": "NAV Flakstad"
    },
    {
      "kommunenummer": "1860",
      "kommunenavn": "Vestvågøy",
      "geografiskTilknytning": "1860",
      "enhetsnummer": "1860",
      "enhetsnavn": "NAV Vestvågøy"
    },
    {
      "kommunenummer": "1865",
      "kommunenavn": "Vågan",
      "geografiskTilknytning": "1865",
      "enhetsnummer": "1865",
      "enhetsnavn": "NAV Svolvær"
    },
    {
      "kommunenummer": "1866",
      "kommunenavn": "Hadsel",
      "geografiskTilknytning": "1866",
      "enhetsnummer": "1866",
      "enhetsnavn": "NAV Hadsel"
    },
    {
      "kommunenummer": "1867",
      "kommunenavn": "Bø i Nordland",
      "geografiskTilknytning": "1867",
      "enhetsnummer": "1867",
      "enhetsnavn": "NAV Bø"
    },
    {
      "kommunenummer": "1868",
      "kommunenavn": "Øksnes",
      "geografiskTilknytning": "1868",
      "enhetsnummer": "1868",
      "enhetsnavn": "NAV Øksnes"
    },
    {
      "kommunenummer": "1870",
      "kommunenavn": "Sortland – Suortá",
      "geografiskTilknytning": "1870",
      "enhetsnummer": "1870",
      "enhetsnavn": "NAV Sortland"
    },
    {
      "kommunenummer": "1871",
      "kommunenavn": "Andøy",
      "geografiskTilknytning": "1871",
      "enhetsnummer": "1871",
      "enhetsnavn": "NAV Andøy"
    },
    {
      "kommunenummer": "1874",
      "kommunenavn": "Moskenes",
      "geografiskTilknytning": "1874",
      "enhetsnummer": "1874",
      "enhetsnavn": "NAV Moskenes"
    },
    {
      "kommunenummer": "1875",
      "kommunenavn": "Hamarøy – Hábmer",
      "geografiskTilknytning": "1875",
      "enhetsnummer": "1849",
      "enhetsnavn": "NAV Hamarøy"
    },
    {
      "kommunenummer": "3001",
      "kommunenavn": "Halden",
      "geografiskTilknytning": "3001",
      "enhetsnummer": "0101",
      "enhetsnavn": "NAV Halden-Aremark"
    },
    {
      "kommunenummer": "3002",
      "kommunenavn": "Moss",
      "geografiskTilknytning": "3002",
      "enhetsnummer": "0104",
      "enhetsnavn": "NAV Moss"
    },
    {
      "kommunenummer": "3003",
      "kommunenavn": "Sarpsborg",
      "geografiskTilknytning": "3003",
      "enhetsnummer": "0105",
      "enhetsnavn": "NAV Sarpsborg"
    },
    {
      "kommunenummer": "3004",
      "kommunenavn": "Fredrikstad",
      "geografiskTilknytning": "3004",
      "enhetsnummer": "0106",
      "enhetsnavn": "NAV Fredrikstad"
    },
    {
      "kommunenummer": "3005",
      "kommunenavn": "Drammen",
      "geografiskTilknytning": "3005",
      "enhetsnummer": "0602",
      "enhetsnavn": "NAV Drammen"
    },
    {
      "kommunenummer": "3006",
      "kommunenavn": "Kongsberg",
      "geografiskTilknytning": "3006",
      "enhetsnummer": "0604",
      "enhetsnavn": "NAV Kongsberg"
    },
    {
      "kommunenummer": "3007",
      "kommunenavn": "Ringerike",
      "geografiskTilknytning": "3007",
      "enhetsnummer": "0605",
      "enhetsnavn": "NAV Ringerike"
    },
    {
      "kommunenummer": "3011",
      "kommunenavn": "Hvaler",
      "geografiskTilknytning": "3011",
      "enhetsnummer": "0111",
      "enhetsnavn": "NAV Hvaler"
    },
    {
      "kommunenummer": "3012",
      "kommunenavn": "Aremark",
      "geografiskTilknytning": "3012",
      "enhetsnummer": "0101",
      "enhetsnavn": "NAV Halden-Aremark"
    },
    {
      "kommunenummer": "3013",
      "kommunenavn": "Marker",
      "geografiskTilknytning": "3013",
      "enhetsnummer": "0119",
      "enhetsnavn": "NAV Marker"
    },
    {
      "kommunenummer": "3014",
      "kommunenavn": "Indre Østfold",
      "geografiskTilknytning": "3014",
      "enhetsnummer": "0124",
      "enhetsnavn": "NAV Indre Østfold"
    },
    {
      "kommunenummer": "3015",
      "kommunenavn": "Skiptvet",
      "geografiskTilknytning": "3015",
      "enhetsnummer": "0127",
      "enhetsnavn": "NAV Skiptvet"
    },
    {
      "kommunenummer": "3016",
      "kommunenavn": "Rakkestad",
      "geografiskTilknytning": "3016",
      "enhetsnummer": "0128",
      "enhetsnavn": "NAV Rakkestad"
    },
    {
      "kommunenummer": "3017",
      "kommunenavn": "Råde",
      "geografiskTilknytning": "3017",
      "enhetsnummer": "0135",
      "enhetsnavn": "NAV Råde"
    },
    {
      "kommunenummer": "3018",
      "kommunenavn": "Våler i Viken",
      "geografiskTilknytning": "3018",
      "enhetsnummer": "0137",
      "enhetsnavn": "NAV Våler"
    },
    {
      "kommunenummer": "3019",
      "kommunenavn": "Vestby",
      "geografiskTilknytning": "3019",
      "enhetsnummer": "0211",
      "enhetsnavn": "NAV Vestby"
    },
    {
      "kommunenummer": "3020",
      "kommunenavn": "Nordre Follo",
      "geografiskTilknytning": "3020",
      "enhetsnummer": "0213",
      "enhetsnavn": "NAV Nordre Follo"
    },
    {
      "kommunenummer": "3021",
      "kommunenavn": "Ås",
      "geografiskTilknytning": "3021",
      "enhetsnummer": "0214",
      "enhetsnavn": "NAV Ås"
    },
    {
      "kommunenummer": "3022",
      "kommunenavn": "Frogn",
      "geografiskTilknytning": "3022",
      "enhetsnummer": "0215",
      "enhetsnavn": "NAV Frogn"
    },
    {
      "kommunenummer": "3023",
      "kommunenavn": "Nesodden",
      "geografiskTilknytning": "3023",
      "enhetsnummer": "0216",
      "enhetsnavn": "NAV Nesodden"
    },
    {
      "kommunenummer": "3024",
      "kommunenavn": "Bærum",
      "geografiskTilknytning": "3024",
      "enhetsnummer": "0219",
      "enhetsnavn": "NAV Bærum"
    },
    {
      "kommunenummer": "3025",
      "kommunenavn": "Asker",
      "geografiskTilknytning": "3025",
      "enhetsnummer": "0220",
      "enhetsnavn": "NAV Asker"
    },
    {
      "kommunenummer": "3026",
      "kommunenavn": "Aurskog-Høland",
      "geografiskTilknytning": "3026",
      "enhetsnummer": "0221",
      "enhetsnavn": "NAV Aurskog-Høland"
    },
    {
      "kommunenummer": "3027",
      "kommunenavn": "Rælingen",
      "geografiskTilknytning": "3027",
      "enhetsnummer": "0228",
      "enhetsnavn": "NAV Rælingen"
    },
    {
      "kommunenummer": "3028",
      "kommunenavn": "Enebakk",
      "geografiskTilknytning": "3028",
      "enhetsnummer": "0229",
      "enhetsnavn": "NAV Enebakk"
    },
    {
      "kommunenummer": "3029",
      "kommunenavn": "Lørenskog",
      "geografiskTilknytning": "3029",
      "enhetsnummer": "0230",
      "enhetsnavn": "NAV Lørenskog"
    },
    {
      "kommunenummer": "3030",
      "kommunenavn": "Lillestrøm",
      "geografiskTilknytning": "3030",
      "enhetsnummer": "0231",
      "enhetsnavn": "NAV Lillestrøm"
    },
    {
      "kommunenummer": "3031",
      "kommunenavn": "Nittedal",
      "geografiskTilknytning": "3031",
      "enhetsnummer": "0233",
      "enhetsnavn": "NAV Nittedal"
    },
    {
      "kommunenummer": "3032",
      "kommunenavn": "Gjerdrum",
      "geografiskTilknytning": "3032",
      "enhetsnummer": "0234",
      "enhetsnavn": "NAV Gjerdrum"
    },
    {
      "kommunenummer": "3033",
      "kommunenavn": "Ullensaker",
      "geografiskTilknytning": "3033",
      "enhetsnummer": "0235",
      "enhetsnavn": "NAV Ullensaker"
    },
    {
      "kommunenummer": "3034",
      "kommunenavn": "Nes",
      "geografiskTilknytning": "3034",
      "enhetsnummer": "0236",
      "enhetsnavn": "NAV Nes i Akershus"
    },
    {
      "kommunenummer": "3035",
      "kommunenavn": "Eidsvoll",
      "geografiskTilknytning": "3035",
      "enhetsnummer": "0237",
      "enhetsnavn": "NAV Eidsvoll"
    },
    {
      "kommunenummer": "3036",
      "kommunenavn": "Nannestad",
      "geografiskTilknytning": "3036",
      "enhetsnummer": "0238",
      "enhetsnavn": "NAV Nannestad"
    },
    {
      "kommunenummer": "3037",
      "kommunenavn": "Hurdal",
      "geografiskTilknytning": "3037",
      "enhetsnummer": "0239",
      "enhetsnavn": "NAV Hurdal"
    },
    {
      "kommunenummer": "3038",
      "kommunenavn": "Hole",
      "geografiskTilknytning": "3038",
      "enhetsnummer": "0612",
      "enhetsnavn": "NAV Hole"
    },
    {
      "kommunenummer": "3039",
      "kommunenavn": "Flå",
      "geografiskTilknytning": "3039",
      "enhetsnummer": "0617",
      "enhetsnavn": "NAV Hallingdal"
    },
    {
      "kommunenummer": "3040",
      "kommunenavn": "Nesbyen",
      "geografiskTilknytning": "3040",
      "enhetsnummer": "0617",
      "enhetsnavn": "NAV Hallingdal"
    },
    {
      "kommunenummer": "3041",
      "kommunenavn": "Gol",
      "geografiskTilknytning": "3041",
      "enhetsnummer": "0617",
      "enhetsnavn": "NAV Hallingdal"
    },
    {
      "kommunenummer": "3042",
      "kommunenavn": "Hemsedal",
      "geografiskTilknytning": "3042",
      "enhetsnummer": "0617",
      "enhetsnavn": "NAV Hallingdal"
    },
    {
      "kommunenummer": "3043",
      "kommunenavn": "Ål",
      "geografiskTilknytning": "3043",
      "enhetsnummer": "0617",
      "enhetsnavn": "NAV Hallingdal"
    },
    {
      "kommunenummer": "3044",
      "kommunenavn": "Hol",
      "geografiskTilknytning": "3044",
      "enhetsnummer": "0617",
      "enhetsnavn": "NAV Hallingdal"
    },
    {
      "kommunenummer": "3045",
      "kommunenavn": "Sigdal",
      "geografiskTilknytning": "3045",
      "enhetsnummer": "0621",
      "enhetsnavn": "NAV Sigdal"
    },
    {
      "kommunenummer": "3046",
      "kommunenavn": "Krødsherad",
      "geografiskTilknytning": "3046",
      "enhetsnummer": "0622",
      "enhetsnavn": "NAV Krødsherad"
    },
    {
      "kommunenummer": "3047",
      "kommunenavn": "Modum",
      "geografiskTilknytning": "3047",
      "enhetsnummer": "0623",
      "enhetsnavn": "NAV Modum"
    },
    {
      "kommunenummer": "3048",
      "kommunenavn": "Øvre Eiker",
      "geografiskTilknytning": "3048",
      "enhetsnummer": "0624",
      "enhetsnavn": "NAV Øvre Eiker"
    },
    {
      "kommunenummer": "3049",
      "kommunenavn": "Lier",
      "geografiskTilknytning": "3049",
      "enhetsnummer": "0626",
      "enhetsnavn": "NAV Lier"
    },
    {
      "kommunenummer": "3050",
      "kommunenavn": "Flesberg",
      "geografiskTilknytning": "3050",
      "enhetsnummer": "0632",
      "enhetsnavn": "NAV Numedal"
    },
    {
      "kommunenummer": "3051",
      "kommunenavn": "Rollag",
      "geografiskTilknytning": "3051",
      "enhetsnummer": "0632",
      "enhetsnavn": "NAV Numedal"
    },
    {
      "kommunenummer": "3052",
      "kommunenavn": "Nore og Uvdal",
      "geografiskTilknytning": "3052",
      "enhetsnummer": "0632",
      "enhetsnavn": "NAV Numedal"
    },
    {
      "kommunenummer": "3053",
      "kommunenavn": "Jevnaker",
      "geografiskTilknytning": "3053",
      "enhetsnummer": "0532",
      "enhetsnavn": "NAV Jevnaker"
    },
    {
      "kommunenummer": "3054",
      "kommunenavn": "Lunner",
      "geografiskTilknytning": "3054",
      "enhetsnummer": "0534",
      "enhetsnavn": "NAV Hadeland"
    },
    {
      "kommunenummer": "3401",
      "kommunenavn": "Kongsvinger",
      "geografiskTilknytning": "3401",
      "enhetsnummer": "0402",
      "enhetsnavn": "NAV Kongsvinger"
    },
    {
      "kommunenummer": "3403",
      "kommunenavn": "Hamar",
      "geografiskTilknytning": "3403",
      "enhetsnummer": "0403",
      "enhetsnavn": "NAV Hamar"
    },
    {
      "kommunenummer": "3405",
      "kommunenavn": "Lillehammer",
      "geografiskTilknytning": "3405",
      "enhetsnummer": "0501",
      "enhetsnavn": "NAV Lillehammer-Gausdal"
    },
    {
      "kommunenummer": "3407",
      "kommunenavn": "Gjøvik",
      "geografiskTilknytning": "3407",
      "enhetsnummer": "0502",
      "enhetsnavn": "NAV Gjøvik"
    },
    {
      "kommunenummer": "3411",
      "kommunenavn": "Ringsaker",
      "geografiskTilknytning": "3411",
      "enhetsnummer": "0412",
      "enhetsnavn": "NAV Ringsaker"
    },
    {
      "kommunenummer": "3412",
      "kommunenavn": "Løten",
      "geografiskTilknytning": "3412",
      "enhetsnummer": "0415",
      "enhetsnavn": "NAV Løten"
    },
    {
      "kommunenummer": "3413",
      "kommunenavn": "Stange",
      "geografiskTilknytning": "3413",
      "enhetsnummer": "0417",
      "enhetsnavn": "NAV Stange"
    },
    {
      "kommunenummer": "3414",
      "kommunenavn": "Nord-Odal",
      "geografiskTilknytning": "3414",
      "enhetsnummer": "0418",
      "enhetsnavn": "NAV Nord-Odal"
    },
    {
      "kommunenummer": "3415",
      "kommunenavn": "Sør-Odal",
      "geografiskTilknytning": "3415",
      "enhetsnummer": "0419",
      "enhetsnavn": "NAV Sør-Odal"
    },
    {
      "kommunenummer": "3416",
      "kommunenavn": "Eidskog",
      "geografiskTilknytning": "3416",
      "enhetsnummer": "0420",
      "enhetsnavn": "NAV Eidskog"
    },
    {
      "kommunenummer": "3417",
      "kommunenavn": "Grue",
      "geografiskTilknytning": "3417",
      "enhetsnummer": "0423",
      "enhetsnavn": "NAV Grue"
    },
    {
      "kommunenummer": "3418",
      "kommunenavn": "Åsnes",
      "geografiskTilknytning": "3418",
      "enhetsnummer": "0425",
      "enhetsnavn": "NAV Åsnes"
    },
    {
      "kommunenummer": "3419",
      "kommunenavn": "Våler i Innlandet",
      "geografiskTilknytning": "3419",
      "enhetsnummer": "0426",
      "enhetsnavn": "NAV Våler i Hedmark"
    },
    {
      "kommunenummer": "3420",
      "kommunenavn": "Elverum",
      "geografiskTilknytning": "3420",
      "enhetsnummer": "0427",
      "enhetsnavn": "NAV Elverum"
    },
    {
      "kommunenummer": "3421",
      "kommunenavn": "Trysil",
      "geografiskTilknytning": "3421",
      "enhetsnummer": "0428",
      "enhetsnavn": "NAV Trysil"
    },
    {
      "kommunenummer": "3422",
      "kommunenavn": "Åmot",
      "geografiskTilknytning": "3422",
      "enhetsnummer": "0429",
      "enhetsnavn": "NAV Åmot"
    },
    {
      "kommunenummer": "3423",
      "kommunenavn": "Stor-Elvdal",
      "geografiskTilknytning": "3423",
      "enhetsnummer": "0430",
      "enhetsnavn": "NAV Stor-Elvdal"
    },
    {
      "kommunenummer": "3424",
      "kommunenavn": "Rendalen",
      "geografiskTilknytning": "3424",
      "enhetsnummer": "0437",
      "enhetsnavn": "NAV Nord-Østerdal"
    },
    {
      "kommunenummer": "3425",
      "kommunenavn": "Engerdal",
      "geografiskTilknytning": "3425",
      "enhetsnummer": "0434",
      "enhetsnavn": "NAV Engerdal"
    },
    {
      "kommunenummer": "3426",
      "kommunenavn": "Tolga",
      "geografiskTilknytning": "3426",
      "enhetsnummer": "0437",
      "enhetsnavn": "NAV Nord-Østerdal"
    },
    {
      "kommunenummer": "3427",
      "kommunenavn": "Tynset",
      "geografiskTilknytning": "3427",
      "enhetsnummer": "0437",
      "enhetsnavn": "NAV Nord-Østerdal"
    },
    {
      "kommunenummer": "3428",
      "kommunenavn": "Alvdal",
      "geografiskTilknytning": "3428",
      "enhetsnummer": "0437",
      "enhetsnavn": "NAV Nord-Østerdal"
    },
    {
      "kommunenummer": "3429",
      "kommunenavn": "Folldal",
      "geografiskTilknytning": "3429",
      "enhetsnummer": "0439",
      "enhetsnavn": "NAV Folldal"
    },
    {
      "kommunenummer": "3430",
      "kommunenavn": "Os",
      "geografiskTilknytning": "3430",
      "enhetsnummer": "1640",
      "enhetsnavn": "NAV Røros, Os og Holtålen"
    },
    {
      "kommunenummer": "3431",
      "kommunenavn": "Dovre",
      "geografiskTilknytning": "3431",
      "enhetsnummer": "0511",
      "enhetsnavn": "NAV Lesja - Dovre"
    },
    {
      "kommunenummer": "3432",
      "kommunenavn": "Lesja",
      "geografiskTilknytning": "3432",
      "enhetsnummer": "0511",
      "enhetsnavn": "NAV Lesja - Dovre"
    },
    {
      "kommunenummer": "3433",
      "kommunenavn": "Skjåk",
      "geografiskTilknytning": "3433",
      "enhetsnummer": "0513",
      "enhetsnavn": "NAV Lom-Skjåk"
    },
    {
      "kommunenummer": "3434",
      "kommunenavn": "Lom",
      "geografiskTilknytning": "3434",
      "enhetsnummer": "0513",
      "enhetsnavn": "NAV Lom-Skjåk"
    },
    {
      "kommunenummer": "3435",
      "kommunenavn": "Vågå",
      "geografiskTilknytning": "3435",
      "enhetsnummer": "0515",
      "enhetsnavn": "NAV Vågå"
    },
    {
      "kommunenummer": "3436",
      "kommunenavn": "Nord-Fron",
      "geografiskTilknytning": "3436",
      "enhetsnummer": "0516",
      "enhetsnavn": "NAV Midt-Gudbrandsdal"
    },
    {
      "kommunenummer": "3437",
      "kommunenavn": "Sel",
      "geografiskTilknytning": "3437",
      "enhetsnummer": "0517",
      "enhetsnavn": "NAV Sel"
    },
    {
      "kommunenummer": "3438",
      "kommunenavn": "Sør-Fron",
      "geografiskTilknytning": "3438",
      "enhetsnummer": "0516",
      "enhetsnavn": "NAV Midt-Gudbrandsdal"
    },
    {
      "kommunenummer": "3439",
      "kommunenavn": "Ringebu",
      "geografiskTilknytning": "3439",
      "enhetsnummer": "0516",
      "enhetsnavn": "NAV Midt-Gudbrandsdal"
    },
    {
      "kommunenummer": "3440",
      "kommunenavn": "Øyer",
      "geografiskTilknytning": "3440",
      "enhetsnummer": "0521",
      "enhetsnavn": "NAV Øyer"
    },
    {
      "kommunenummer": "3441",
      "kommunenavn": "Gausdal",
      "geografiskTilknytning": "3441",
      "enhetsnummer": "0501",
      "enhetsnavn": "NAV Lillehammer-Gausdal"
    },
    {
      "kommunenummer": "3442",
      "kommunenavn": "Østre Toten",
      "geografiskTilknytning": "3442",
      "enhetsnummer": "0528",
      "enhetsnavn": "NAV Østre Toten"
    },
    {
      "kommunenummer": "3443",
      "kommunenavn": "Vestre Toten",
      "geografiskTilknytning": "3443",
      "enhetsnummer": "0529",
      "enhetsnavn": "NAV Vestre Toten"
    },
    {
      "kommunenummer": "3446",
      "kommunenavn": "Gran",
      "geografiskTilknytning": "3446",
      "enhetsnummer": "0534",
      "enhetsnavn": "NAV Hadeland"
    },
    {
      "kommunenummer": "3447",
      "kommunenavn": "Søndre Land",
      "geografiskTilknytning": "3447",
      "enhetsnummer": "0536",
      "enhetsnavn": "NAV Søndre Land"
    },
    {
      "kommunenummer": "3448",
      "kommunenavn": "Nordre Land",
      "geografiskTilknytning": "3448",
      "enhetsnummer": "0538",
      "enhetsnavn": "NAV Nordre Land"
    },
    {
      "kommunenummer": "3449",
      "kommunenavn": "Sør-Aurdal",
      "geografiskTilknytning": "3449",
      "enhetsnummer": "0542",
      "enhetsnavn": "NAV Valdres"
    },
    {
      "kommunenummer": "3450",
      "kommunenavn": "Etnedal",
      "geografiskTilknytning": "3450",
      "enhetsnummer": "0542",
      "enhetsnavn": "NAV Valdres"
    },
    {
      "kommunenummer": "3451",
      "kommunenavn": "Nord-Aurdal",
      "geografiskTilknytning": "3451",
      "enhetsnummer": "0542",
      "enhetsnavn": "NAV Valdres"
    },
    {
      "kommunenummer": "3452",
      "kommunenavn": "Vestre Slidre",
      "geografiskTilknytning": "3452",
      "enhetsnummer": "0542",
      "enhetsnavn": "NAV Valdres"
    },
    {
      "kommunenummer": "3453",
      "kommunenavn": "Øystre Slidre",
      "geografiskTilknytning": "3453",
      "enhetsnummer": "0542",
      "enhetsnavn": "NAV Valdres"
    },
    {
      "kommunenummer": "3454",
      "kommunenavn": "Vang",
      "geografiskTilknytning": "3454",
      "enhetsnummer": "0542",
      "enhetsnavn": "NAV Valdres"
    },
    {
      "kommunenummer": "3801",
      "kommunenavn": "Horten",
      "geografiskTilknytning": "3801",
      "enhetsnummer": "0701",
      "enhetsnavn": "NAV Horten"
    },
    {
      "kommunenummer": "3802",
      "kommunenavn": "Holmestrand",
      "geografiskTilknytning": "3802",
      "enhetsnummer": "5301",
      "enhetsnavn": "NAV Holmestrand"
    },
    {
      "kommunenummer": "3803",
      "kommunenavn": "Tønsberg",
      "geografiskTilknytning": "3803",
      "enhetsnummer": "0704",
      "enhetsnavn": "NAV Tønsberg"
    },
    {
      "kommunenummer": "3804",
      "kommunenavn": "Sandefjord",
      "geografiskTilknytning": "3804",
      "enhetsnummer": "0710",
      "enhetsnavn": "NAV Sandefjord"
    },
    {
      "kommunenummer": "3805",
      "kommunenavn": "Larvik",
      "geografiskTilknytning": "3805",
      "enhetsnummer": "5303",
      "enhetsnavn": "NAV Larvik"
    },
    {
      "kommunenummer": "3806",
      "kommunenavn": "Porsgrunn",
      "geografiskTilknytning": "3806",
      "enhetsnummer": "0805",
      "enhetsnavn": "NAV Porsgrunn"
    },
    {
      "kommunenummer": "3807",
      "kommunenavn": "Skien",
      "geografiskTilknytning": "3807",
      "enhetsnummer": "0806",
      "enhetsnavn": "NAV Skien"
    },
    {
      "kommunenummer": "3808",
      "kommunenavn": "Notodden",
      "geografiskTilknytning": "3808",
      "enhetsnummer": "0807",
      "enhetsnavn": "NAV Notodden"
    },
    {
      "kommunenummer": "3811",
      "kommunenavn": "Færder",
      "geografiskTilknytning": "3811",
      "enhetsnummer": "5302",
      "enhetsnavn": "NAV Færder"
    },
    {
      "kommunenummer": "3812",
      "kommunenavn": "Siljan",
      "geografiskTilknytning": "3812",
      "enhetsnummer": "0811",
      "enhetsnavn": "NAV Siljan"
    },
    {
      "kommunenummer": "3813",
      "kommunenavn": "Bamble",
      "geografiskTilknytning": "3813",
      "enhetsnummer": "0814",
      "enhetsnavn": "NAV Bamble"
    },
    {
      "kommunenummer": "3814",
      "kommunenavn": "Kragerø",
      "geografiskTilknytning": "3814",
      "enhetsnummer": "0815",
      "enhetsnavn": "NAV Kragerø"
    },
    {
      "kommunenummer": "3815",
      "kommunenavn": "Drangedal",
      "geografiskTilknytning": "3815",
      "enhetsnummer": "0817",
      "enhetsnavn": "NAV Drangedal"
    },
    {
      "kommunenummer": "3816",
      "kommunenavn": "Nome",
      "geografiskTilknytning": "3816",
      "enhetsnummer": "0821",
      "enhetsnavn": "NAV Midt-Telemark"
    },
    {
      "kommunenummer": "3817",
      "kommunenavn": "Midt-Telemark",
      "geografiskTilknytning": "3817",
      "enhetsnummer": "0821",
      "enhetsnavn": "NAV Midt-Telemark"
    },
    {
      "kommunenummer": "3818",
      "kommunenavn": "Tinn",
      "geografiskTilknytning": "3818",
      "enhetsnummer": "0826",
      "enhetsnavn": "NAV Tinn"
    },
    {
      "kommunenummer": "3819",
      "kommunenavn": "Hjartdal",
      "geografiskTilknytning": "3819",
      "enhetsnummer": "0827",
      "enhetsnavn": "NAV Hjartdal"
    },
    {
      "kommunenummer": "3820",
      "kommunenavn": "Seljord",
      "geografiskTilknytning": "3820",
      "enhetsnummer": "0833",
      "enhetsnavn": "NAV Vest-Telemark"
    },
    {
      "kommunenummer": "3821",
      "kommunenavn": "Kviteseid",
      "geografiskTilknytning": "3821",
      "enhetsnummer": "0833",
      "enhetsnavn": "NAV Vest-Telemark"
    },
    {
      "kommunenummer": "3822",
      "kommunenavn": "Nissedal",
      "geografiskTilknytning": "3822",
      "enhetsnummer": "0833",
      "enhetsnavn": "NAV Vest-Telemark"
    },
    {
      "kommunenummer": "3823",
      "kommunenavn": "Fyresdal",
      "geografiskTilknytning": "3823",
      "enhetsnummer": "0833",
      "enhetsnavn": "NAV Vest-Telemark"
    },
    {
      "kommunenummer": "3824",
      "kommunenavn": "Tokke",
      "geografiskTilknytning": "3824",
      "enhetsnummer": "0833",
      "enhetsnavn": "NAV Vest-Telemark"
    },
    {
      "kommunenummer": "3825",
      "kommunenavn": "Vinje",
      "geografiskTilknytning": "3825",
      "enhetsnummer": "0833",
      "enhetsnavn": "NAV Vest-Telemark"
    },
    {
      "kommunenummer": "4201",
      "kommunenavn": "Risør",
      "geografiskTilknytning": "4201",
      "enhetsnummer": "0901",
      "enhetsnavn": "NAV Risør"
    },
    {
      "kommunenummer": "4202",
      "kommunenavn": "Grimstad",
      "geografiskTilknytning": "4202",
      "enhetsnummer": "0904",
      "enhetsnavn": "NAV Grimstad"
    },
    {
      "kommunenummer": "4203",
      "kommunenavn": "Arendal",
      "geografiskTilknytning": "4203",
      "enhetsnummer": "0906",
      "enhetsnavn": "NAV Arendal"
    },
    {
      "kommunenummer": "4204",
      "kommunenavn": "Kristiansand",
      "geografiskTilknytning": "4204",
      "enhetsnummer": "1001",
      "enhetsnavn": "NAV Kristiansand"
    },
    {
      "kommunenummer": "4205",
      "kommunenavn": "Lindesnes",
      "geografiskTilknytning": "4205",
      "enhetsnummer": "1002",
      "enhetsnavn": "NAV Lindesnes"
    },
    {
      "kommunenummer": "4206",
      "kommunenavn": "Farsund",
      "geografiskTilknytning": "4206",
      "enhetsnummer": "1037",
      "enhetsnavn": "NAV Lister"
    },
    {
      "kommunenummer": "4207",
      "kommunenavn": "Flekkefjord",
      "geografiskTilknytning": "4207",
      "enhetsnummer": "1037",
      "enhetsnavn": "NAV Lister"
    },
    {
      "kommunenummer": "4211",
      "kommunenavn": "Gjerstad",
      "geografiskTilknytning": "4211",
      "enhetsnummer": "0911",
      "enhetsnavn": "NAV Gjerstad"
    },
    {
      "kommunenummer": "4212",
      "kommunenavn": "Vegårshei",
      "geografiskTilknytning": "4212",
      "enhetsnummer": "0912",
      "enhetsnavn": "NAV Vegårshei"
    },
    {
      "kommunenummer": "4213",
      "kommunenavn": "Tvedestrand",
      "geografiskTilknytning": "4213",
      "enhetsnummer": "0914",
      "enhetsnavn": "NAV Tvedestrand"
    },
    {
      "kommunenummer": "4214",
      "kommunenavn": "Froland",
      "geografiskTilknytning": "4214",
      "enhetsnummer": "0919",
      "enhetsnavn": "NAV Froland"
    },
    {
      "kommunenummer": "4215",
      "kommunenavn": "Lillesand",
      "geografiskTilknytning": "4215",
      "enhetsnummer": "0926",
      "enhetsnavn": "NAV Lillesand"
    },
    {
      "kommunenummer": "4216",
      "kommunenavn": "Birkenes",
      "geografiskTilknytning": "4216",
      "enhetsnummer": "0928",
      "enhetsnavn": "NAV Birkenes"
    },
    {
      "kommunenummer": "4217",
      "kommunenavn": "Åmli",
      "geografiskTilknytning": "4217",
      "enhetsnummer": "0929",
      "enhetsnavn": "NAV Åmli"
    },
    {
      "kommunenummer": "4218",
      "kommunenavn": "Iveland",
      "geografiskTilknytning": "4218",
      "enhetsnummer": "1014",
      "enhetsnavn": "NAV Midt-Agder"
    },
    {
      "kommunenummer": "4219",
      "kommunenavn": "Evje og Hornnes",
      "geografiskTilknytning": "4219",
      "enhetsnummer": "0937",
      "enhetsnavn": "NAV Evje og Hornnes"
    },
    {
      "kommunenummer": "4220",
      "kommunenavn": "Bygland",
      "geografiskTilknytning": "4220",
      "enhetsnummer": "1014",
      "enhetsnavn": "NAV Midt-Agder"
    },
    {
      "kommunenummer": "4221",
      "kommunenavn": "Valle",
      "geografiskTilknytning": "4221",
      "enhetsnummer": "1014",
      "enhetsnavn": "NAV Midt-Agder"
    },
    {
      "kommunenummer": "4222",
      "kommunenavn": "Bykle",
      "geografiskTilknytning": "4222",
      "enhetsnummer": "1014",
      "enhetsnavn": "NAV Midt-Agder"
    },
    {
      "kommunenummer": "4223",
      "kommunenavn": "Vennesla",
      "geografiskTilknytning": "4223",
      "enhetsnummer": "1014",
      "enhetsnavn": "NAV Midt-Agder"
    },
    {
      "kommunenummer": "4224",
      "kommunenavn": "Åseral",
      "geografiskTilknytning": "4224",
      "enhetsnummer": "1014",
      "enhetsnavn": "NAV Midt-Agder"
    },
    {
      "kommunenummer": "4225",
      "kommunenavn": "Lyngdal",
      "geografiskTilknytning": "4225",
      "enhetsnummer": "1037",
      "enhetsnavn": "NAV Lister"
    },
    {
      "kommunenummer": "4226",
      "kommunenavn": "Hægebostad",
      "geografiskTilknytning": "4226",
      "enhetsnummer": "1034",
      "enhetsnavn": "NAV Hægebostad"
    },
    {
      "kommunenummer": "4227",
      "kommunenavn": "Kvinesdal",
      "geografiskTilknytning": "4227",
      "enhetsnummer": "1037",
      "enhetsnavn": "NAV Lister"
    },
    {
      "kommunenummer": "4228",
      "kommunenavn": "Sirdal",
      "geografiskTilknytning": "4228",
      "enhetsnummer": "1037",
      "enhetsnavn": "NAV Lister"
    },
    {
      "kommunenummer": "4601",
      "kommunenavn": "Bergen",
      "geografiskTilknytning": "460101",
      "enhetsnummer": "1204",
      "enhetsnavn": "NAV Arna"
    },
    {
      "kommunenummer": "4601",
      "kommunenavn": "Bergen",
      "geografiskTilknytning": "460102",
      "enhetsnummer": "1209",
      "enhetsnavn": "NAV Bergenhus"
    },
    {
      "kommunenummer": "4601",
      "kommunenavn": "Bergen",
      "geografiskTilknytning": "460103",
      "enhetsnummer": "1202",
      "enhetsnavn": "NAV Fana"
    },
    {
      "kommunenummer": "4601",
      "kommunenavn": "Bergen",
      "geografiskTilknytning": "460104",
      "enhetsnummer": "1205",
      "enhetsnavn": "NAV Fyllingsdalen"
    },
    {
      "kommunenummer": "4601",
      "kommunenavn": "Bergen",
      "geografiskTilknytning": "460105",
      "enhetsnummer": "1206",
      "enhetsnavn": "NAV Laksevåg"
    },
    {
      "kommunenummer": "4601",
      "kommunenavn": "Bergen",
      "geografiskTilknytning": "460106",
      "enhetsnummer": "1210",
      "enhetsnavn": "NAV Ytrebygda"
    },
    {
      "kommunenummer": "4601",
      "kommunenavn": "Bergen",
      "geografiskTilknytning": "460107",
      "enhetsnummer": "1208",
      "enhetsnavn": "NAV Årstad"
    },
    {
      "kommunenummer": "4601",
      "kommunenavn": "Bergen",
      "geografiskTilknytning": "460108",
      "enhetsnummer": "1203",
      "enhetsnavn": "NAV Åsane"
    },
    {
      "kommunenummer": "4602",
      "kommunenavn": "Kinn",
      "geografiskTilknytning": "4602",
      "enhetsnummer": "1401",
      "enhetsnavn": "NAV Kinn"
    },
    {
      "kommunenummer": "4611",
      "kommunenavn": "Etne",
      "geografiskTilknytning": "4611",
      "enhetsnummer": "1211",
      "enhetsnavn": "NAV Etne"
    },
    {
      "kommunenummer": "4612",
      "kommunenavn": "Sveio",
      "geografiskTilknytning": "4612",
      "enhetsnummer": "1216",
      "enhetsnavn": "NAV Sveio"
    },
    {
      "kommunenummer": "4613",
      "kommunenavn": "Bømlo",
      "geografiskTilknytning": "4613",
      "enhetsnummer": "1219",
      "enhetsnavn": "NAV Bømlo"
    },
    {
      "kommunenummer": "4614",
      "kommunenavn": "Stord",
      "geografiskTilknytning": "4614",
      "enhetsnummer": "1221",
      "enhetsnavn": "NAV Stord"
    },
    {
      "kommunenummer": "4615",
      "kommunenavn": "Fitjar",
      "geografiskTilknytning": "4615",
      "enhetsnummer": "1222",
      "enhetsnavn": "NAV Fitjar"
    },
    {
      "kommunenummer": "4616",
      "kommunenavn": "Tysnes",
      "geografiskTilknytning": "4616",
      "enhetsnummer": "1223",
      "enhetsnavn": "NAV Tysnes"
    },
    {
      "kommunenummer": "4617",
      "kommunenavn": "Kvinnherad",
      "geografiskTilknytning": "4617",
      "enhetsnummer": "1224",
      "enhetsnavn": "NAV Kvinnherad"
    },
    {
      "kommunenummer": "4618",
      "kommunenavn": "Ullensvang",
      "geografiskTilknytning": "4618",
      "enhetsnummer": "1228",
      "enhetsnavn": "NAV Ullensvang"
    },
    {
      "kommunenummer": "4619",
      "kommunenavn": "Eidfjord",
      "geografiskTilknytning": "4619",
      "enhetsnummer": "1232",
      "enhetsnavn": "NAV Eidfjord"
    },
    {
      "kommunenummer": "4620",
      "kommunenavn": "Ulvik",
      "geografiskTilknytning": "4620",
      "enhetsnummer": "1233",
      "enhetsnavn": "NAV Ulvik"
    },
    {
      "kommunenummer": "4621",
      "kommunenavn": "Voss",
      "geografiskTilknytning": "4621",
      "enhetsnummer": "1235",
      "enhetsnavn": "NAV Voss"
    },
    {
      "kommunenummer": "4622",
      "kommunenavn": "Kvam",
      "geografiskTilknytning": "4622",
      "enhetsnummer": "1238",
      "enhetsnavn": "NAV Kvam"
    },
    {
      "kommunenummer": "4623",
      "kommunenavn": "Samnanger",
      "geografiskTilknytning": "4623",
      "enhetsnummer": "1242",
      "enhetsnavn": "NAV Samnanger"
    },
    {
      "kommunenummer": "4624",
      "kommunenavn": "Bjørnafjorden",
      "geografiskTilknytning": "4624",
      "enhetsnummer": "1243",
      "enhetsnavn": "NAV Bjørnafjorden"
    },
    {
      "kommunenummer": "4625",
      "kommunenavn": "Austevoll",
      "geografiskTilknytning": "4625",
      "enhetsnummer": "1244",
      "enhetsnavn": "NAV Austevoll"
    },
    {
      "kommunenummer": "4626",
      "kommunenavn": "Øygarden",
      "geografiskTilknytning": "4626",
      "enhetsnummer": "1246",
      "enhetsnavn": "NAV Øygarden"
    },
    {
      "kommunenummer": "4627",
      "kommunenavn": "Askøy",
      "geografiskTilknytning": "4627",
      "enhetsnummer": "1247",
      "enhetsnavn": "NAV Askøy"
    },
    {
      "kommunenummer": "4628",
      "kommunenavn": "Vaksdal",
      "geografiskTilknytning": "4628",
      "enhetsnummer": "1251",
      "enhetsnavn": "NAV Vaksdal"
    },
    {
      "kommunenummer": "4629",
      "kommunenavn": "Modalen",
      "geografiskTilknytning": "4629",
      "enhetsnummer": "1266",
      "enhetsnavn": "NAV Fensfjorden"
    },
    {
      "kommunenummer": "4630",
      "kommunenavn": "Osterøy",
      "geografiskTilknytning": "4630",
      "enhetsnummer": "1253",
      "enhetsnavn": "NAV Osterøy"
    },
    {
      "kommunenummer": "4631",
      "kommunenavn": "Alver",
      "geografiskTilknytning": "4631",
      "enhetsnummer": "1263",
      "enhetsnavn": "NAV Alver"
    },
    {
      "kommunenummer": "4632",
      "kommunenavn": "Austrheim",
      "geografiskTilknytning": "4632",
      "enhetsnummer": "1266",
      "enhetsnavn": "NAV Fensfjorden"
    },
    {
      "kommunenummer": "4633",
      "kommunenavn": "Fedje",
      "geografiskTilknytning": "4633",
      "enhetsnummer": "1266",
      "enhetsnavn": "NAV Fensfjorden"
    },
    {
      "kommunenummer": "4634",
      "kommunenavn": "Masfjorden",
      "geografiskTilknytning": "4634",
      "enhetsnummer": "1266",
      "enhetsnavn": "NAV Fensfjorden"
    },
    {
      "kommunenummer": "4635",
      "kommunenavn": "Gulen",
      "geografiskTilknytning": "4635",
      "enhetsnummer": "1266",
      "enhetsnavn": "NAV Fensfjorden"
    },
    {
      "kommunenummer": "4636",
      "kommunenavn": "Solund",
      "geografiskTilknytning": "4636",
      "enhetsnummer": "1412",
      "enhetsnavn": "NAV Solund"
    },
    {
      "kommunenummer": "4637",
      "kommunenavn": "Hyllestad",
      "geografiskTilknytning": "4637",
      "enhetsnummer": "1413",
      "enhetsnavn": "NAV Hyllestad"
    },
    {
      "kommunenummer": "4638",
      "kommunenavn": "Høyanger",
      "geografiskTilknytning": "4638",
      "enhetsnummer": "1416",
      "enhetsnavn": "NAV Høyanger"
    },
    {
      "kommunenummer": "4639",
      "kommunenavn": "Vik",
      "geografiskTilknytning": "4639",
      "enhetsnummer": "1417",
      "enhetsnavn": "NAV Vik"
    },
    {
      "kommunenummer": "4640",
      "kommunenavn": "Sogndal",
      "geografiskTilknytning": "4640",
      "enhetsnummer": "1420",
      "enhetsnavn": "NAV Sogndal"
    },
    {
      "kommunenummer": "4641",
      "kommunenavn": "Aurland",
      "geografiskTilknytning": "4641",
      "enhetsnummer": "1421",
      "enhetsnavn": "NAV Aurland"
    },
    {
      "kommunenummer": "4642",
      "kommunenavn": "Lærdal",
      "geografiskTilknytning": "4642",
      "enhetsnummer": "1422",
      "enhetsnavn": "NAV Lærdal"
    },
    {
      "kommunenummer": "4643",
      "kommunenavn": "Årdal",
      "geografiskTilknytning": "4643",
      "enhetsnummer": "1424",
      "enhetsnavn": "NAV Årdal"
    },
    {
      "kommunenummer": "4644",
      "kommunenavn": "Luster",
      "geografiskTilknytning": "4644",
      "enhetsnummer": "1426",
      "enhetsnavn": "NAV Luster"
    },
    {
      "kommunenummer": "4645",
      "kommunenavn": "Askvoll",
      "geografiskTilknytning": "4645",
      "enhetsnummer": "1428",
      "enhetsnavn": "NAV Askvoll"
    },
    {
      "kommunenummer": "4646",
      "kommunenavn": "Fjaler",
      "geografiskTilknytning": "4646",
      "enhetsnummer": "1429",
      "enhetsnavn": "NAV Fjaler"
    },
    {
      "kommunenummer": "4647",
      "kommunenavn": "Sunnfjord",
      "geografiskTilknytning": "4647",
      "enhetsnummer": "1432",
      "enhetsnavn": "NAV Sunnfjord"
    },
    {
      "kommunenummer": "4648",
      "kommunenavn": "Bremanger",
      "geografiskTilknytning": "4648",
      "enhetsnummer": "1438",
      "enhetsnavn": "NAV Bremanger"
    },
    {
      "kommunenummer": "4649",
      "kommunenavn": "Stad",
      "geografiskTilknytning": "4649",
      "enhetsnummer": "1443",
      "enhetsnavn": "NAV Stad"
    },
    {
      "kommunenummer": "4650",
      "kommunenavn": "Gloppen",
      "geografiskTilknytning": "4650",
      "enhetsnummer": "1445",
      "enhetsnavn": "NAV Gloppen"
    },
    {
      "kommunenummer": "4651",
      "kommunenavn": "Stryn",
      "geografiskTilknytning": "4651",
      "enhetsnummer": "1449",
      "enhetsnavn": "NAV Stryn"
    },
    {
      "kommunenummer": "5001",
      "kommunenavn": "Trondheim",
      "geografiskTilknytning": "500101",
      "enhetsnummer": "5701",
      "enhetsnavn": "NAV Falkenborg"
    },
    {
      "kommunenummer": "5001",
      "kommunenavn": "Trondheim",
      "geografiskTilknytning": "500102",
      "enhetsnummer": "5701",
      "enhetsnavn": "NAV Falkenborg"
    },
    {
      "kommunenummer": "5001",
      "kommunenavn": "Trondheim",
      "geografiskTilknytning": "500103",
      "enhetsnummer": "5702",
      "enhetsnavn": "NAV Lerkendal"
    },
    {
      "kommunenummer": "5001",
      "kommunenavn": "Trondheim",
      "geografiskTilknytning": "500104",
      "enhetsnummer": "5702",
      "enhetsnavn": "NAV Lerkendal"
    },
    {
      "kommunenummer": "5006",
      "kommunenavn": "Steinkjer",
      "geografiskTilknytning": "5006",
      "enhetsnummer": "1702",
      "enhetsnavn": "NAV Inn-Trøndelag"
    },
    {
      "kommunenummer": "5007",
      "kommunenavn": "Namsos",
      "geografiskTilknytning": "5007",
      "enhetsnummer": "1703",
      "enhetsnavn": "NAV Midtre Namdal"
    },
    {
      "kommunenummer": "5014",
      "kommunenavn": "Frøya",
      "geografiskTilknytning": "5014",
      "enhetsnummer": "1620",
      "enhetsnavn": "NAV Hitra Frøya"
    },
    {
      "kommunenummer": "5020",
      "kommunenavn": "Osen",
      "geografiskTilknytning": "5020",
      "enhetsnummer": "1630",
      "enhetsnavn": "NAV Nord-Fosen"
    },
    {
      "kommunenummer": "5021",
      "kommunenavn": "Oppdal",
      "geografiskTilknytning": "5021",
      "enhetsnummer": "1634",
      "enhetsnavn": "NAV Oppdal og Rennebu"
    },
    {
      "kommunenummer": "5022",
      "kommunenavn": "Rennebu",
      "geografiskTilknytning": "5022",
      "enhetsnummer": "1634",
      "enhetsnavn": "NAV Oppdal og Rennebu"
    },
    {
      "kommunenummer": "5025",
      "kommunenavn": "Røros",
      "geografiskTilknytning": "5025",
      "enhetsnummer": "1640",
      "enhetsnavn": "NAV Røros, Os og Holtålen"
    },
    {
      "kommunenummer": "5026",
      "kommunenavn": "Holtålen",
      "geografiskTilknytning": "5026",
      "enhetsnummer": "1640",
      "enhetsnavn": "NAV Røros, Os og Holtålen"
    },
    {
      "kommunenummer": "5027",
      "kommunenavn": "Midtre Gauldal",
      "geografiskTilknytning": "5027",
      "enhetsnummer": "1648",
      "enhetsnavn": "NAV Midtre Gauldal"
    },
    {
      "kommunenummer": "5028",
      "kommunenavn": "Melhus",
      "geografiskTilknytning": "5028",
      "enhetsnummer": "1653",
      "enhetsnavn": "NAV Melhus"
    },
    {
      "kommunenummer": "5029",
      "kommunenavn": "Skaun",
      "geografiskTilknytning": "5029",
      "enhetsnummer": "1657",
      "enhetsnavn": "NAV Skaun"
    },
    {
      "kommunenummer": "5031",
      "kommunenavn": "Malvik",
      "geografiskTilknytning": "5031",
      "enhetsnummer": "1663",
      "enhetsnavn": "NAV Malvik"
    },
    {
      "kommunenummer": "5032",
      "kommunenavn": "Selbu",
      "geografiskTilknytning": "5032",
      "enhetsnummer": "1783",
      "enhetsnavn": "NAV Værnes"
    },
    {
      "kommunenummer": "5033",
      "kommunenavn": "Tydal",
      "geografiskTilknytning": "5033",
      "enhetsnummer": "1783",
      "enhetsnavn": "NAV Værnes"
    },
    {
      "kommunenummer": "5034",
      "kommunenavn": "Meråker",
      "geografiskTilknytning": "5034",
      "enhetsnummer": "1783",
      "enhetsnavn": "NAV Værnes"
    },
    {
      "kommunenummer": "5035",
      "kommunenavn": "Stjørdal",
      "geografiskTilknytning": "5035",
      "enhetsnummer": "1783",
      "enhetsnavn": "NAV Værnes"
    },
    {
      "kommunenummer": "5036",
      "kommunenavn": "Frosta",
      "geografiskTilknytning": "5036",
      "enhetsnummer": "1783",
      "enhetsnavn": "NAV Værnes"
    },
    {
      "kommunenummer": "5037",
      "kommunenavn": "Levanger",
      "geografiskTilknytning": "5037",
      "enhetsnummer": "1719",
      "enhetsnavn": "NAV Levanger"
    },
    {
      "kommunenummer": "5038",
      "kommunenavn": "Verdal",
      "geografiskTilknytning": "5038",
      "enhetsnummer": "1721",
      "enhetsnavn": "NAV Verdal"
    },
    {
      "kommunenummer": "5041",
      "kommunenavn": "Snåase – Snåsa",
      "geografiskTilknytning": "5041",
      "enhetsnummer": "1702",
      "enhetsnavn": "NAV Inn-Trøndelag"
    },
    {
      "kommunenummer": "5042",
      "kommunenavn": "Lierne",
      "geografiskTilknytning": "5042",
      "enhetsnummer": "1738",
      "enhetsnavn": "NAV Lierne"
    },
    {
      "kommunenummer": "5043",
      "kommunenavn": "Raarvikhe – Røyrvik",
      "geografiskTilknytning": "5043",
      "enhetsnummer": "1739",
      "enhetsnavn": "NAV Røyrvik"
    },
    {
      "kommunenummer": "5044",
      "kommunenavn": "Namsskogan",
      "geografiskTilknytning": "5044",
      "enhetsnummer": "1740",
      "enhetsnavn": "NAV Namsskogan"
    },
    {
      "kommunenummer": "5045",
      "kommunenavn": "Grong",
      "geografiskTilknytning": "5045",
      "enhetsnummer": "1742",
      "enhetsnavn": "NAV Grong"
    },
    {
      "kommunenummer": "5046",
      "kommunenavn": "Høylandet",
      "geografiskTilknytning": "5046",
      "enhetsnummer": "1743",
      "enhetsnavn": "NAV Høylandet"
    },
    {
      "kommunenummer": "5047",
      "kommunenavn": "Overhalla",
      "geografiskTilknytning": "5047",
      "enhetsnummer": "1703",
      "enhetsnavn": "NAV Midtre Namdal"
    },
    {
      "kommunenummer": "5049",
      "kommunenavn": "Flatanger",
      "geografiskTilknytning": "5049",
      "enhetsnummer": "1703",
      "enhetsnavn": "NAV Midtre Namdal"
    },
    {
      "kommunenummer": "5052",
      "kommunenavn": "Leka",
      "geografiskTilknytning": "5052",
      "enhetsnummer": "1751",
      "enhetsnavn": "NAV Nærøysund"
    },
    {
      "kommunenummer": "5053",
      "kommunenavn": "Inderøy",
      "geografiskTilknytning": "5053",
      "enhetsnummer": "1702",
      "enhetsnavn": "NAV Inn-Trøndelag"
    },
    {
      "kommunenummer": "5054",
      "kommunenavn": "Indre Fosen",
      "geografiskTilknytning": "5054",
      "enhetsnummer": "5703",
      "enhetsnavn": "NAV Indre Fosen"
    },
    {
      "kommunenummer": "5055",
      "kommunenavn": "Heim",
      "geografiskTilknytning": "5055",
      "enhetsnummer": "1612",
      "enhetsnavn": "NAV Heim"
    },
    {
      "kommunenummer": "5056",
      "kommunenavn": "Hitra",
      "geografiskTilknytning": "5056",
      "enhetsnummer": "1620",
      "enhetsnavn": "NAV Hitra Frøya"
    },
    {
      "kommunenummer": "5057",
      "kommunenavn": "Ørland",
      "geografiskTilknytning": "5057",
      "enhetsnummer": "1621",
      "enhetsnavn": "NAV Ørland"
    },
    {
      "kommunenummer": "5058",
      "kommunenavn": "Åfjord",
      "geografiskTilknytning": "5058",
      "enhetsnummer": "1630",
      "enhetsnavn": "NAV Nord-Fosen"
    },
    {
      "kommunenummer": "5059",
      "kommunenavn": "Orkland",
      "geografiskTilknytning": "5059",
      "enhetsnummer": "1638",
      "enhetsnavn": "NAV Orkland"
    },
    {
      "kommunenummer": "5060",
      "kommunenavn": "Nærøysund",
      "geografiskTilknytning": "5060",
      "enhetsnummer": "1751",
      "enhetsnavn": "NAV Nærøysund"
    },
    {
      "kommunenummer": "5061",
      "kommunenavn": "Rindal",
      "geografiskTilknytning": "5061",
      "enhetsnummer": "1638",
      "enhetsnavn": "NAV Orkland"
    },
    {
      "kommunenummer": "5401",
      "kommunenavn": "Tromsø",
      "geografiskTilknytning": "5401",
      "enhetsnummer": "1902",
      "enhetsnavn": "NAV Tromsø"
    },
    {
      "kommunenummer": "5402",
      "kommunenavn": "Harstad – Hárstták",
      "geografiskTilknytning": "5402",
      "enhetsnummer": "1903",
      "enhetsnavn": "NAV Harstad"
    },
    {
      "kommunenummer": "5403",
      "kommunenavn": "Alta",
      "geografiskTilknytning": "5403",
      "enhetsnummer": "2012",
      "enhetsnavn": "NAV Alta"
    },
    {
      "kommunenummer": "5404",
      "kommunenavn": "Vardø",
      "geografiskTilknytning": "5404",
      "enhetsnummer": "2002",
      "enhetsnavn": "NAV Vardø"
    },
    {
      "kommunenummer": "5405",
      "kommunenavn": "Vadsø",
      "geografiskTilknytning": "5405",
      "enhetsnummer": "2003",
      "enhetsnavn": "NAV Vadsø"
    },
    {
      "kommunenummer": "5406",
      "kommunenavn": "Hammerfest",
      "geografiskTilknytning": "5406",
      "enhetsnummer": "2004",
      "enhetsnavn": "NAV Hammerfest"
    },
    {
      "kommunenummer": "5411",
      "kommunenavn": "Kvæfjord",
      "geografiskTilknytning": "5411",
      "enhetsnummer": "1911",
      "enhetsnavn": "NAV Kvæfjord"
    },
    {
      "kommunenummer": "5412",
      "kommunenavn": "Tjeldsund - Dielddanuorri",
      "geografiskTilknytning": "5412",
      "enhetsnummer": "1913",
      "enhetsnavn": "NAV Tjeldsund"
    },
    {
      "kommunenummer": "5413",
      "kommunenavn": "Ibestad",
      "geografiskTilknytning": "5413",
      "enhetsnummer": "1917",
      "enhetsnavn": "NAV Ibestad"
    },
    {
      "kommunenummer": "5414",
      "kommunenavn": "Gratangen",
      "geografiskTilknytning": "5414",
      "enhetsnummer": "1805",
      "enhetsnavn": "NAV Narvik"
    },
    {
      "kommunenummer": "5415",
      "kommunenavn": "Loabák - Lavangen",
      "geografiskTilknytning": "5415",
      "enhetsnummer": "1923",
      "enhetsnavn": "NAV Salangen-Lavangen-Dyrøy"
    },
    {
      "kommunenummer": "5416",
      "kommunenavn": "Bardu",
      "geografiskTilknytning": "5416",
      "enhetsnummer": "1922",
      "enhetsnavn": "NAV Bardu"
    },
    {
      "kommunenummer": "5417",
      "kommunenavn": "Salangen",
      "geografiskTilknytning": "5417",
      "enhetsnummer": "1923",
      "enhetsnavn": "NAV Salangen-Lavangen-Dyrøy"
    },
    {
      "kommunenummer": "5418",
      "kommunenavn": "Målselv",
      "geografiskTilknytning": "5418",
      "enhetsnummer": "1924",
      "enhetsnavn": "NAV Målselv"
    },
    {
      "kommunenummer": "5419",
      "kommunenavn": "Sørreisa",
      "geografiskTilknytning": "5419",
      "enhetsnummer": "1931",
      "enhetsnavn": "NAV Senja-Sørreisa"
    },
    {
      "kommunenummer": "5420",
      "kommunenavn": "Dyrøy",
      "geografiskTilknytning": "5420",
      "enhetsnummer": "1923",
      "enhetsnavn": "NAV Salangen-Lavangen-Dyrøy"
    },
    {
      "kommunenummer": "5421",
      "kommunenavn": "Senja",
      "geografiskTilknytning": "5421",
      "enhetsnummer": "1931",
      "enhetsnavn": "NAV Senja-Sørreisa"
    },
    {
      "kommunenummer": "5422",
      "kommunenavn": "Balsfjord",
      "geografiskTilknytning": "5422",
      "enhetsnummer": "1933",
      "enhetsnavn": "NAV Balsfjord-Storfjord"
    },
    {
      "kommunenummer": "5423",
      "kommunenavn": "Karlsøy",
      "geografiskTilknytning": "5423",
      "enhetsnummer": "1936",
      "enhetsnavn": "NAV Karlsøy"
    },
    {
      "kommunenummer": "5424",
      "kommunenavn": "Lyngen",
      "geografiskTilknytning": "5424",
      "enhetsnummer": "1938",
      "enhetsnavn": "NAV Lyngen"
    },
    {
      "kommunenummer": "5425",
      "kommunenavn": "Storfjord - Omasvuotna - Omasvuono",
      "geografiskTilknytning": "5425",
      "enhetsnummer": "1933",
      "enhetsnavn": "NAV Balsfjord-Storfjord"
    },
    {
      "kommunenummer": "5426",
      "kommunenavn": "Gáivuotna - Kåfjord - Kaivuono",
      "geografiskTilknytning": "5426",
      "enhetsnummer": "1940",
      "enhetsnavn": "NAV Gáivuotna/Kåfjord"
    },
    {
      "kommunenummer": "5427",
      "kommunenavn": "Skjervøy",
      "geografiskTilknytning": "5427",
      "enhetsnummer": "1941",
      "enhetsnavn": "NAV Skjervøy"
    },
    {
      "kommunenummer": "5428",
      "kommunenavn": "Nordreisa - Ráisa - Raisi",
      "geografiskTilknytning": "5428",
      "enhetsnummer": "1942",
      "enhetsnavn": "NAV Nordreisa"
    },
    {
      "kommunenummer": "5429",
      "kommunenavn": "Kvænangen",
      "geografiskTilknytning": "5429",
      "enhetsnummer": "1943",
      "enhetsnavn": "NAV Kvænangen"
    },
    {
      "kommunenummer": "5430",
      "kommunenavn": "Guovdageaidnu - Kautokeino",
      "geografiskTilknytning": "5430",
      "enhetsnummer": "2011",
      "enhetsnavn": "NAV Guovdageaidnu/Kautokeino"
    },
    {
      "kommunenummer": "5432",
      "kommunenavn": "Loppa",
      "geografiskTilknytning": "5432",
      "enhetsnummer": "2014",
      "enhetsnavn": "NAV Loppa"
    },
    {
      "kommunenummer": "5433",
      "kommunenavn": "Hasvik",
      "geografiskTilknytning": "5433",
      "enhetsnummer": "2015",
      "enhetsnavn": "NAV Hasvik"
    },
    {
      "kommunenummer": "5434",
      "kommunenavn": "Måsøy",
      "geografiskTilknytning": "5434",
      "enhetsnummer": "2018",
      "enhetsnavn": "NAV Måsøy"
    },
    {
      "kommunenummer": "5435",
      "kommunenavn": "Nordkapp",
      "geografiskTilknytning": "5435",
      "enhetsnummer": "2019",
      "enhetsnavn": "NAV Nordkapp"
    },
    {
      "kommunenummer": "5436",
      "kommunenavn": "Porsanger - Porsáŋgu - Porsanki",
      "geografiskTilknytning": "5436",
      "enhetsnummer": "2020",
      "enhetsnavn": "NAV Porsanger"
    },
    {
      "kommunenummer": "5437",
      "kommunenavn": "Kárášjohka - Karasjok",
      "geografiskTilknytning": "5437",
      "enhetsnummer": "2021",
      "enhetsnavn": "NAV Karasjohka/Karasjok"
    },
    {
      "kommunenummer": "5438",
      "kommunenavn": "Lebesby",
      "geografiskTilknytning": "5438",
      "enhetsnummer": "2022",
      "enhetsnavn": "NAV Lebesby"
    },
    {
      "kommunenummer": "5439",
      "kommunenavn": "Gamvik",
      "geografiskTilknytning": "5439",
      "enhetsnummer": "2023",
      "enhetsnavn": "NAV Gamvik"
    },
    {
      "kommunenummer": "5440",
      "kommunenavn": "Berlevåg",
      "geografiskTilknytning": "5440",
      "enhetsnummer": "2024",
      "enhetsnavn": "NAV Berlevåg"
    },
    {
      "kommunenummer": "5441",
      "kommunenavn": "Deatnu - Tana",
      "geografiskTilknytning": "5441",
      "enhetsnummer": "2025",
      "enhetsnavn": "NAV Deatnu/Tana"
    },
    {
      "kommunenummer": "5442",
      "kommunenavn": "Unjárga - Nesseby",
      "geografiskTilknytning": "5442",
      "enhetsnummer": "2027",
      "enhetsnavn": "NAV Unjárga/Nesseby"
    },
    {
      "kommunenummer": "5443",
      "kommunenavn": "Båtsfjord",
      "geografiskTilknytning": "5443",
      "enhetsnummer": "2028",
      "enhetsnavn": "NAV Båtsfjord"
    },
    {
      "kommunenummer": "5444",
      "kommunenavn": "Sør-Varanger",
      "geografiskTilknytning": "5444",
      "enhetsnummer": "2030",
      "enhetsnavn": "NAV Sør-Varanger"
    }
  ]
}
